-- phpMyAdmin SQL Dump
-- version 5.1.1
-- https://www.phpmyadmin.net/
--
-- Host: 127.0.0.1
-- Generation Time: Aug 09, 2021 at 09:55 AM
-- Server version: 10.4.20-MariaDB
-- PHP Version: 8.0.8

SET SQL_MODE = "NO_AUTO_VALUE_ON_ZERO";
START TRANSACTION;
SET time_zone = "+00:00";


/*!40101 SET @OLD_CHARACTER_SET_CLIENT=@@CHARACTER_SET_CLIENT */;
/*!40101 SET @OLD_CHARACTER_SET_RESULTS=@@CHARACTER_SET_RESULTS */;
/*!40101 SET @OLD_COLLATION_CONNECTION=@@COLLATION_CONNECTION */;
/*!40101 SET NAMES utf8mb4 */;

--
-- Database: `voc`
--

-- --------------------------------------------------------

--
-- Table structure for table `ci_sessions`
--

CREATE TABLE `ci_sessions` (
  `id` varchar(128) NOT NULL,
  `ip_address` varchar(45) NOT NULL,
  `timestamp` int(10) UNSIGNED NOT NULL DEFAULT 0,
  `data` blob NOT NULL
) ENGINE=InnoDB DEFAULT CHARSET=utf8;

--
-- Dumping data for table `ci_sessions`
--

INSERT INTO `ci_sessions` (`id`, `ip_address`, `timestamp`, `data`) VALUES
('cbbc020ae5eb872a7f088e0046b8deb661ce0de8', '172.31.0.1', 1627211524, 0x5f5f63695f6c6173745f726567656e65726174657c693a313632373231313532343b6964656e746974797c733a31333a2261646d696e6973747261746f72223b757365726e616d657c733a31333a2261646d696e6973747261746f72223b656d61696c7c733a31353a2261646d696e4061646d696e2e636f6d223b757365725f69647c733a313a2231223b6f6c645f6c6173745f6c6f67696e7c733a31303a2231363237323038333336223b6c6173745f636865636b7c693a313632373231303239313b696f6e5f617574685f73657373696f6e5f686173687c733a34303a2236353833643663346632303539393865636163633966353162363861326132653434656130303036223b),
('56f10d17bde56c45eb2772d00f85c2d7331a81f8', '172.31.0.1', 1627211832, 0x5f5f63695f6c6173745f726567656e65726174657c693a313632373231313833323b6964656e746974797c733a31333a2261646d696e6973747261746f72223b757365726e616d657c733a31333a2261646d696e6973747261746f72223b656d61696c7c733a31353a2261646d696e4061646d696e2e636f6d223b757365725f69647c733a313a2231223b6f6c645f6c6173745f6c6f67696e7c733a31303a2231363237323038333336223b6c6173745f636865636b7c693a313632373231303239313b696f6e5f617574685f73657373696f6e5f686173687c733a34303a2236353833643663346632303539393865636163633966353162363861326132653434656130303036223b),
('3b263f8ad6e6739a7c7538c33af34d80f5f0867b', '172.31.0.1', 1627212133, 0x5f5f63695f6c6173745f726567656e65726174657c693a313632373231323133333b6964656e746974797c733a31333a2261646d696e6973747261746f72223b757365726e616d657c733a31333a2261646d696e6973747261746f72223b656d61696c7c733a31353a2261646d696e4061646d696e2e636f6d223b757365725f69647c733a313a2231223b6f6c645f6c6173745f6c6f67696e7c733a31303a2231363237323038333336223b6c6173745f636865636b7c693a313632373231303239313b696f6e5f617574685f73657373696f6e5f686173687c733a34303a2236353833643663346632303539393865636163633966353162363861326132653434656130303036223b),
('ef4e14386797d76aacb95b642aa6acb3411b01db', '172.31.0.1', 1627211840, 0x5f5f63695f6c6173745f726567656e65726174657c693a313632373231313834303b),
('eed5c1d61c4b49137cc89436e3d4a06f01824cf8', '172.31.0.1', 1627211840, 0x5f5f63695f6c6173745f726567656e65726174657c693a313632373231313834303b),
('2161530f00be66b53d36f55dafcfd9718f0cbabb', '172.31.0.1', 1627212754, 0x5f5f63695f6c6173745f726567656e65726174657c693a313632373231323735343b6964656e746974797c733a31333a2261646d696e6973747261746f72223b757365726e616d657c733a31333a2261646d696e6973747261746f72223b656d61696c7c733a31353a2261646d696e4061646d696e2e636f6d223b757365725f69647c733a313a2231223b6f6c645f6c6173745f6c6f67696e7c733a31303a2231363237323038333336223b6c6173745f636865636b7c693a313632373231303239313b696f6e5f617574685f73657373696f6e5f686173687c733a34303a2236353833643663346632303539393865636163633966353162363861326132653434656130303036223b),
('07ba624df857515ef0b6736dfeb2e2bd49c67e61', '172.31.0.1', 1627213064, 0x5f5f63695f6c6173745f726567656e65726174657c693a313632373231333036343b6964656e746974797c733a31333a2261646d696e6973747261746f72223b757365726e616d657c733a31333a2261646d696e6973747261746f72223b656d61696c7c733a31353a2261646d696e4061646d696e2e636f6d223b757365725f69647c733a313a2231223b6f6c645f6c6173745f6c6f67696e7c733a31303a2231363237323038333336223b6c6173745f636865636b7c693a313632373231303239313b696f6e5f617574685f73657373696f6e5f686173687c733a34303a2236353833643663346632303539393865636163633966353162363861326132653434656130303036223b),
('9a51af7e2aad5a2efbffe017bd774f72bd2971fc', '172.31.0.1', 1627213385, 0x5f5f63695f6c6173745f726567656e65726174657c693a313632373231333338353b6964656e746974797c733a31333a2261646d696e6973747261746f72223b757365726e616d657c733a31333a2261646d696e6973747261746f72223b656d61696c7c733a31353a2261646d696e4061646d696e2e636f6d223b757365725f69647c733a313a2231223b6f6c645f6c6173745f6c6f67696e7c733a31303a2231363237323038333336223b6c6173745f636865636b7c693a313632373231303239313b696f6e5f617574685f73657373696f6e5f686173687c733a34303a2236353833643663346632303539393865636163633966353162363861326132653434656130303036223b),
('45b7384e52a248879eeb70b28e6daa1a642550de', '172.31.0.1', 1627213783, 0x5f5f63695f6c6173745f726567656e65726174657c693a313632373231333738333b6964656e746974797c733a31333a2261646d696e6973747261746f72223b757365726e616d657c733a31333a2261646d696e6973747261746f72223b656d61696c7c733a31353a2261646d696e4061646d696e2e636f6d223b757365725f69647c733a313a2231223b6f6c645f6c6173745f6c6f67696e7c733a31303a2231363237323038333336223b6c6173745f636865636b7c693a313632373231303239313b696f6e5f617574685f73657373696f6e5f686173687c733a34303a2236353833643663346632303539393865636163633966353162363861326132653434656130303036223b),
('c0b8080e97d6ff756efaad5c919e3a69d99ca55a', '172.31.0.1', 1627214688, 0x5f5f63695f6c6173745f726567656e65726174657c693a313632373231343638383b6964656e746974797c733a31333a2261646d696e6973747261746f72223b757365726e616d657c733a31333a2261646d696e6973747261746f72223b656d61696c7c733a31353a2261646d696e4061646d696e2e636f6d223b757365725f69647c733a313a2231223b6f6c645f6c6173745f6c6f67696e7c733a31303a2231363237323038333336223b6c6173745f636865636b7c693a313632373231303239313b696f6e5f617574685f73657373696f6e5f686173687c733a34303a2236353833643663346632303539393865636163633966353162363861326132653434656130303036223b),
('39f1072dec733123107c7099735afab4711012a6', '172.31.0.1', 1627215078, 0x5f5f63695f6c6173745f726567656e65726174657c693a313632373231353037383b6964656e746974797c733a31333a2261646d696e6973747261746f72223b757365726e616d657c733a31333a2261646d696e6973747261746f72223b656d61696c7c733a31353a2261646d696e4061646d696e2e636f6d223b757365725f69647c733a313a2231223b6f6c645f6c6173745f6c6f67696e7c733a31303a2231363237323038333336223b6c6173745f636865636b7c693a313632373231303239313b696f6e5f617574685f73657373696f6e5f686173687c733a34303a2236353833643663346632303539393865636163633966353162363861326132653434656130303036223b),
('a52a8899938557bb75904bc7199bf5710f0ce30a', '172.31.0.1', 1627215434, 0x5f5f63695f6c6173745f726567656e65726174657c693a313632373231353433343b6964656e746974797c733a31333a2261646d696e6973747261746f72223b757365726e616d657c733a31333a2261646d696e6973747261746f72223b656d61696c7c733a31353a2261646d696e4061646d696e2e636f6d223b757365725f69647c733a313a2231223b6f6c645f6c6173745f6c6f67696e7c733a31303a2231363237323038333336223b6c6173745f636865636b7c693a313632373231303239313b696f6e5f617574685f73657373696f6e5f686173687c733a34303a2236353833643663346632303539393865636163633966353162363861326132653434656130303036223b),
('3cc0fd57a8a3d8b4ecc32a6c3896653169573507', '172.31.0.1', 1627215768, 0x5f5f63695f6c6173745f726567656e65726174657c693a313632373231353736383b6964656e746974797c733a31333a2261646d696e6973747261746f72223b757365726e616d657c733a31333a2261646d696e6973747261746f72223b656d61696c7c733a31353a2261646d696e4061646d696e2e636f6d223b757365725f69647c733a313a2231223b6f6c645f6c6173745f6c6f67696e7c733a31303a2231363237323038333336223b6c6173745f636865636b7c693a313632373231303239313b696f6e5f617574685f73657373696f6e5f686173687c733a34303a2236353833643663346632303539393865636163633966353162363861326132653434656130303036223b),
('05b2328177f938f2e23d35fe8b3703f8fa7424aa', '172.31.0.1', 1627216071, 0x5f5f63695f6c6173745f726567656e65726174657c693a313632373231363037313b6964656e746974797c733a31333a2261646d696e6973747261746f72223b757365726e616d657c733a31333a2261646d696e6973747261746f72223b656d61696c7c733a31353a2261646d696e4061646d696e2e636f6d223b757365725f69647c733a313a2231223b6f6c645f6c6173745f6c6f67696e7c733a31303a2231363237323038333336223b6c6173745f636865636b7c693a313632373231303239313b696f6e5f617574685f73657373696f6e5f686173687c733a34303a2236353833643663346632303539393865636163633966353162363861326132653434656130303036223b),
('7f8f8e81b3fee35ce749d352d6139172ab18b7e6', '172.31.0.1', 1627216658, 0x5f5f63695f6c6173745f726567656e65726174657c693a313632373231363635383b6964656e746974797c733a31333a2261646d696e6973747261746f72223b757365726e616d657c733a31333a2261646d696e6973747261746f72223b656d61696c7c733a31353a2261646d696e4061646d696e2e636f6d223b757365725f69647c733a313a2231223b6f6c645f6c6173745f6c6f67696e7c733a31303a2231363237323038333336223b6c6173745f636865636b7c693a313632373231303239313b696f6e5f617574685f73657373696f6e5f686173687c733a34303a2236353833643663346632303539393865636163633966353162363861326132653434656130303036223b),
('8c41f4d5d66771a6f8dda2e5bf3826e82c9a5702', '172.31.0.1', 1627217136, 0x5f5f63695f6c6173745f726567656e65726174657c693a313632373231373133363b6964656e746974797c733a31333a2261646d696e6973747261746f72223b757365726e616d657c733a31333a2261646d696e6973747261746f72223b656d61696c7c733a31353a2261646d696e4061646d696e2e636f6d223b757365725f69647c733a313a2231223b6f6c645f6c6173745f6c6f67696e7c733a31303a2231363237323038333336223b6c6173745f636865636b7c693a313632373231303239313b696f6e5f617574685f73657373696f6e5f686173687c733a34303a2236353833643663346632303539393865636163633966353162363861326132653434656130303036223b),
('af68c2bc87a8c8e1494c15948fe9892400a13c8c', '172.31.0.1', 1627217685, 0x5f5f63695f6c6173745f726567656e65726174657c693a313632373231373638353b6964656e746974797c733a31333a2261646d696e6973747261746f72223b757365726e616d657c733a31333a2261646d696e6973747261746f72223b656d61696c7c733a31353a2261646d696e4061646d696e2e636f6d223b757365725f69647c733a313a2231223b6f6c645f6c6173745f6c6f67696e7c733a31303a2231363237323038333336223b6c6173745f636865636b7c693a313632373231303239313b696f6e5f617574685f73657373696f6e5f686173687c733a34303a2236353833643663346632303539393865636163633966353162363861326132653434656130303036223b),
('9505c3d1ea4f73e1d99fff73c3c0c54ebfed4402', '172.31.0.1', 1627218035, 0x5f5f63695f6c6173745f726567656e65726174657c693a313632373231383033353b6964656e746974797c733a31333a2261646d696e6973747261746f72223b757365726e616d657c733a31333a2261646d696e6973747261746f72223b656d61696c7c733a31353a2261646d696e4061646d696e2e636f6d223b757365725f69647c733a313a2231223b6f6c645f6c6173745f6c6f67696e7c733a31303a2231363237323038333336223b6c6173745f636865636b7c693a313632373231303239313b696f6e5f617574685f73657373696f6e5f686173687c733a34303a2236353833643663346632303539393865636163633966353162363861326132653434656130303036223b),
('3f700f874c75687ccb4ad24e30040db72be5b1be', '172.31.0.1', 1627218718, 0x5f5f63695f6c6173745f726567656e65726174657c693a313632373231383731383b6964656e746974797c733a31333a2261646d696e6973747261746f72223b757365726e616d657c733a31333a2261646d696e6973747261746f72223b656d61696c7c733a31353a2261646d696e4061646d696e2e636f6d223b757365725f69647c733a313a2231223b6f6c645f6c6173745f6c6f67696e7c733a31303a2231363237323038333336223b6c6173745f636865636b7c693a313632373231303239313b696f6e5f617574685f73657373696f6e5f686173687c733a34303a2236353833643663346632303539393865636163633966353162363861326132653434656130303036223b),
('138c9699a76f572a870e5f807d801e52788d36ef', '172.31.0.1', 1627219083, 0x5f5f63695f6c6173745f726567656e65726174657c693a313632373231393038333b6964656e746974797c733a31333a2261646d696e6973747261746f72223b757365726e616d657c733a31333a2261646d696e6973747261746f72223b656d61696c7c733a31353a2261646d696e4061646d696e2e636f6d223b757365725f69647c733a313a2231223b6f6c645f6c6173745f6c6f67696e7c733a31303a2231363237323038333336223b6c6173745f636865636b7c693a313632373231303239313b696f6e5f617574685f73657373696f6e5f686173687c733a34303a2236353833643663346632303539393865636163633966353162363861326132653434656130303036223b),
('b484f8bfb674c208621860bb1399d421e6f7c648', '172.31.0.1', 1627219526, 0x5f5f63695f6c6173745f726567656e65726174657c693a313632373231393532363b6964656e746974797c733a31333a2261646d696e6973747261746f72223b757365726e616d657c733a31333a2261646d696e6973747261746f72223b656d61696c7c733a31353a2261646d696e4061646d696e2e636f6d223b757365725f69647c733a313a2231223b6f6c645f6c6173745f6c6f67696e7c733a31303a2231363237323038333336223b6c6173745f636865636b7c693a313632373231303239313b696f6e5f617574685f73657373696f6e5f686173687c733a34303a2236353833643663346632303539393865636163633966353162363861326132653434656130303036223b),
('736d96d889c0b6002694730e9e396bcc2f659598', '172.31.0.1', 1627220075, 0x5f5f63695f6c6173745f726567656e65726174657c693a313632373232303037353b6964656e746974797c733a31333a2261646d696e6973747261746f72223b757365726e616d657c733a31333a2261646d696e6973747261746f72223b656d61696c7c733a31353a2261646d696e4061646d696e2e636f6d223b757365725f69647c733a313a2231223b6f6c645f6c6173745f6c6f67696e7c733a31303a2231363237323038333336223b6c6173745f636865636b7c693a313632373231303239313b696f6e5f617574685f73657373696f6e5f686173687c733a34303a2236353833643663346632303539393865636163633966353162363861326132653434656130303036223b),
('5f176e5217163de4ed6da07fc96360f50fbd4db8', '172.31.0.1', 1627220386, 0x5f5f63695f6c6173745f726567656e65726174657c693a313632373232303338363b6964656e746974797c733a31333a2261646d696e6973747261746f72223b757365726e616d657c733a31333a2261646d696e6973747261746f72223b656d61696c7c733a31353a2261646d696e4061646d696e2e636f6d223b757365725f69647c733a313a2231223b6f6c645f6c6173745f6c6f67696e7c733a31303a2231363237323038333336223b6c6173745f636865636b7c693a313632373231303239313b696f6e5f617574685f73657373696f6e5f686173687c733a34303a2236353833643663346632303539393865636163633966353162363861326132653434656130303036223b),
('949160b830172ba0de97126ee53210e99134e4b7', '172.31.0.1', 1627220755, 0x5f5f63695f6c6173745f726567656e65726174657c693a313632373232303735353b6964656e746974797c733a31333a2261646d696e6973747261746f72223b757365726e616d657c733a31333a2261646d696e6973747261746f72223b656d61696c7c733a31353a2261646d696e4061646d696e2e636f6d223b757365725f69647c733a313a2231223b6f6c645f6c6173745f6c6f67696e7c733a31303a2231363237323038333336223b6c6173745f636865636b7c693a313632373231303239313b696f6e5f617574685f73657373696f6e5f686173687c733a34303a2236353833643663346632303539393865636163633966353162363861326132653434656130303036223b),
('d5d4c517af658e33a6d873021b13dbf0e0d2e493', '172.31.0.1', 1627221217, 0x5f5f63695f6c6173745f726567656e65726174657c693a313632373232313231373b6964656e746974797c733a31333a2261646d696e6973747261746f72223b757365726e616d657c733a31333a2261646d696e6973747261746f72223b656d61696c7c733a31353a2261646d696e4061646d696e2e636f6d223b757365725f69647c733a313a2231223b6f6c645f6c6173745f6c6f67696e7c733a31303a2231363237323038333336223b6c6173745f636865636b7c693a313632373231303239313b696f6e5f617574685f73657373696f6e5f686173687c733a34303a2236353833643663346632303539393865636163633966353162363861326132653434656130303036223b),
('49bf169aaf641c9e83729b0865257422ad21617c', '172.31.0.1', 1627221606, 0x5f5f63695f6c6173745f726567656e65726174657c693a313632373232313630363b6964656e746974797c733a31333a2261646d696e6973747261746f72223b757365726e616d657c733a31333a2261646d696e6973747261746f72223b656d61696c7c733a31353a2261646d696e4061646d696e2e636f6d223b757365725f69647c733a313a2231223b6f6c645f6c6173745f6c6f67696e7c733a31303a2231363237323038333336223b6c6173745f636865636b7c693a313632373231303239313b696f6e5f617574685f73657373696f6e5f686173687c733a34303a2236353833643663346632303539393865636163633966353162363861326132653434656130303036223b),
('39d12b420d685010be0e9091b349dfaf481e1f86', '172.31.0.1', 1627221917, 0x5f5f63695f6c6173745f726567656e65726174657c693a313632373232313931373b6964656e746974797c733a31333a2261646d696e6973747261746f72223b757365726e616d657c733a31333a2261646d696e6973747261746f72223b656d61696c7c733a31353a2261646d696e4061646d696e2e636f6d223b757365725f69647c733a313a2231223b6f6c645f6c6173745f6c6f67696e7c733a31303a2231363237323038333336223b6c6173745f636865636b7c693a313632373231303239313b696f6e5f617574685f73657373696f6e5f686173687c733a34303a2236353833643663346632303539393865636163633966353162363861326132653434656130303036223b),
('909426917781f832b6ca40d305f5fb61fa5901e3', '172.31.0.1', 1627222265, 0x5f5f63695f6c6173745f726567656e65726174657c693a313632373232323236353b6964656e746974797c733a31333a2261646d696e6973747261746f72223b757365726e616d657c733a31333a2261646d696e6973747261746f72223b656d61696c7c733a31353a2261646d696e4061646d696e2e636f6d223b757365725f69647c733a313a2231223b6f6c645f6c6173745f6c6f67696e7c733a31303a2231363237323038333336223b6c6173745f636865636b7c693a313632373231303239313b696f6e5f617574685f73657373696f6e5f686173687c733a34303a2236353833643663346632303539393865636163633966353162363861326132653434656130303036223b),
('3844025aa9fc13cea8fa7f3098717df743ea693a', '172.31.0.1', 1627222625, 0x5f5f63695f6c6173745f726567656e65726174657c693a313632373232323632353b6964656e746974797c733a31333a2261646d696e6973747261746f72223b757365726e616d657c733a31333a2261646d696e6973747261746f72223b656d61696c7c733a31353a2261646d696e4061646d696e2e636f6d223b757365725f69647c733a313a2231223b6f6c645f6c6173745f6c6f67696e7c733a31303a2231363237323038333336223b6c6173745f636865636b7c693a313632373231303239313b696f6e5f617574685f73657373696f6e5f686173687c733a34303a2236353833643663346632303539393865636163633966353162363861326132653434656130303036223b),
('909dbf33c3d2b000292ea9f7575bfa5e9796b824', '172.31.0.1', 1627223182, 0x5f5f63695f6c6173745f726567656e65726174657c693a313632373232333138323b6964656e746974797c733a31333a2261646d696e6973747261746f72223b757365726e616d657c733a31333a2261646d696e6973747261746f72223b656d61696c7c733a31353a2261646d696e4061646d696e2e636f6d223b757365725f69647c733a313a2231223b6f6c645f6c6173745f6c6f67696e7c733a31303a2231363237323038333336223b6c6173745f636865636b7c693a313632373231303239313b696f6e5f617574685f73657373696f6e5f686173687c733a34303a2236353833643663346632303539393865636163633966353162363861326132653434656130303036223b),
('4015ebb97fcd34faf08a1486ba990fea621ef943', '172.31.0.1', 1627222737, 0x5f5f63695f6c6173745f726567656e65726174657c693a313632373232323733373b),
('312758c23701003d9d974bbbe175defd315b8e6d', '172.31.0.1', 1627223521, 0x5f5f63695f6c6173745f726567656e65726174657c693a313632373232333532313b6964656e746974797c733a31333a2261646d696e6973747261746f72223b757365726e616d657c733a31333a2261646d696e6973747261746f72223b656d61696c7c733a31353a2261646d696e4061646d696e2e636f6d223b757365725f69647c733a313a2231223b6f6c645f6c6173745f6c6f67696e7c733a31303a2231363237323038333336223b6c6173745f636865636b7c693a313632373231303239313b696f6e5f617574685f73657373696f6e5f686173687c733a34303a2236353833643663346632303539393865636163633966353162363861326132653434656130303036223b),
('6f07a865725387d07eac3e958330dbd341a7a295', '172.31.0.1', 1627223985, 0x5f5f63695f6c6173745f726567656e65726174657c693a313632373232333938353b6964656e746974797c733a31333a2261646d696e6973747261746f72223b757365726e616d657c733a31333a2261646d696e6973747261746f72223b656d61696c7c733a31353a2261646d696e4061646d696e2e636f6d223b757365725f69647c733a313a2231223b6f6c645f6c6173745f6c6f67696e7c733a31303a2231363237323038333336223b6c6173745f636865636b7c693a313632373231303239313b696f6e5f617574685f73657373696f6e5f686173687c733a34303a2236353833643663346632303539393865636163633966353162363861326132653434656130303036223b),
('0a741b2d4890e39df02ba58e6c0133c3945fdb0d', '172.31.0.1', 1627224359, 0x5f5f63695f6c6173745f726567656e65726174657c693a313632373232343335393b6964656e746974797c733a31333a2261646d696e6973747261746f72223b757365726e616d657c733a31333a2261646d696e6973747261746f72223b656d61696c7c733a31353a2261646d696e4061646d696e2e636f6d223b757365725f69647c733a313a2231223b6f6c645f6c6173745f6c6f67696e7c733a31303a2231363237323038333336223b6c6173745f636865636b7c693a313632373231303239313b696f6e5f617574685f73657373696f6e5f686173687c733a34303a2236353833643663346632303539393865636163633966353162363861326132653434656130303036223b),
('2e52b340f8a2e6b5f3974c5144514d70ddf56103', '172.31.0.1', 1627224001, 0x5f5f63695f6c6173745f726567656e65726174657c693a313632373232343030313b),
('d9bf791e0ca31606c131623029a47351a2d46c6d', '172.31.0.1', 1627224685, 0x5f5f63695f6c6173745f726567656e65726174657c693a313632373232343638353b6964656e746974797c733a31333a2261646d696e6973747261746f72223b757365726e616d657c733a31333a2261646d696e6973747261746f72223b656d61696c7c733a31353a2261646d696e4061646d696e2e636f6d223b757365725f69647c733a313a2231223b6f6c645f6c6173745f6c6f67696e7c733a31303a2231363237323038333336223b6c6173745f636865636b7c693a313632373231303239313b696f6e5f617574685f73657373696f6e5f686173687c733a34303a2236353833643663346632303539393865636163633966353162363861326132653434656130303036223b),
('71674c748e920b98393556c8d40c1a020f7e2219', '172.31.0.1', 1627225148, 0x5f5f63695f6c6173745f726567656e65726174657c693a313632373232353134383b6964656e746974797c733a31333a2261646d696e6973747261746f72223b757365726e616d657c733a31333a2261646d696e6973747261746f72223b656d61696c7c733a31353a2261646d696e4061646d696e2e636f6d223b757365725f69647c733a313a2231223b6f6c645f6c6173745f6c6f67696e7c733a31303a2231363237323038333336223b6c6173745f636865636b7c693a313632373231303239313b696f6e5f617574685f73657373696f6e5f686173687c733a34303a2236353833643663346632303539393865636163633966353162363861326132653434656130303036223b),
('7be75347b72a979c11d317b0cc0c5c5efa62ba97', '172.31.0.1', 1627225457, 0x5f5f63695f6c6173745f726567656e65726174657c693a313632373232353435373b6964656e746974797c733a31333a2261646d696e6973747261746f72223b757365726e616d657c733a31333a2261646d696e6973747261746f72223b656d61696c7c733a31353a2261646d696e4061646d696e2e636f6d223b757365725f69647c733a313a2231223b6f6c645f6c6173745f6c6f67696e7c733a31303a2231363237323038333336223b6c6173745f636865636b7c693a313632373231303239313b696f6e5f617574685f73657373696f6e5f686173687c733a34303a2236353833643663346632303539393865636163633966353162363861326132653434656130303036223b637372666b65797c733a383a22665634655a784253223b5f5f63695f766172737c613a323a7b733a373a22637372666b6579223b733a333a226e6577223b733a393a226373726676616c7565223b733a333a226e6577223b7d6373726676616c75657c733a32303a225850796a674b4e52334272784877764754693732223b),
('efaca95a3b027d06bb860ff9642f792e80d2468a', '172.31.0.1', 1627225162, 0x5f5f63695f6c6173745f726567656e65726174657c693a313632373232353136323b),
('05251ded8953e89331d1728d4de9ef0b6807c436', '172.31.0.1', 1627225760, 0x5f5f63695f6c6173745f726567656e65726174657c693a313632373232353736303b6964656e746974797c733a31333a2261646d696e6973747261746f72223b757365726e616d657c733a31333a2261646d696e6973747261746f72223b656d61696c7c733a31353a2261646d696e4061646d696e2e636f6d223b757365725f69647c733a313a2231223b6f6c645f6c6173745f6c6f67696e7c733a31303a2231363237323038333336223b6c6173745f636865636b7c693a313632373231303239313b696f6e5f617574685f73657373696f6e5f686173687c733a34303a2236353833643663346632303539393865636163633966353162363861326132653434656130303036223b),
('5fd2a73d247121473d9a81e12a089647735d737a', '172.31.0.1', 1627225824, 0x5f5f63695f6c6173745f726567656e65726174657c693a313632373232353736303b6964656e746974797c733a31333a2261646d696e6973747261746f72223b757365726e616d657c733a31333a2261646d696e6973747261746f72223b656d61696c7c733a31353a2261646d696e4061646d696e2e636f6d223b757365725f69647c733a313a2231223b6f6c645f6c6173745f6c6f67696e7c733a31303a2231363237323038333336223b6c6173745f636865636b7c693a313632373231303239313b696f6e5f617574685f73657373696f6e5f686173687c733a34303a2236353833643663346632303539393865636163633966353162363861326132653434656130303036223b);

-- --------------------------------------------------------

--
-- Table structure for table `fakultas`
--

CREATE TABLE `fakultas` (
  `id` bigint(20) NOT NULL,
  `nama` varchar(100) DEFAULT NULL,
  `is_active` enum('0','1') DEFAULT NULL,
  `created_at` datetime DEFAULT NULL,
  `created_by` bigint(20) DEFAULT NULL,
  `updated_at` datetime DEFAULT NULL,
  `updated_by` bigint(20) DEFAULT NULL,
  `deleted_at` datetime DEFAULT NULL,
  `deleted_by` bigint(20) DEFAULT NULL
) ENGINE=InnoDB DEFAULT CHARSET=utf8;

--
-- Dumping data for table `fakultas`
--

INSERT INTO `fakultas` (`id`, `nama`, `is_active`, `created_at`, `created_by`, `updated_at`, `updated_by`, `deleted_at`, `deleted_by`) VALUES
(1, 'SENI RUPA DAN DESAIN', '1', NULL, NULL, NULL, NULL, NULL, NULL),
(2, 'ILMU SOSIAL DAN POLITIK', '1', NULL, NULL, NULL, NULL, NULL, NULL),
(3, 'HUKUM', '1', NULL, NULL, NULL, NULL, NULL, NULL),
(4, 'EKONOMI DAN BISNIS', '1', NULL, NULL, NULL, NULL, NULL, NULL),
(5, 'KEDOKTERAN', '1', NULL, NULL, NULL, NULL, NULL, NULL),
(6, 'PERTANIAN', '1', NULL, NULL, NULL, NULL, NULL, NULL),
(7, 'TEKNIK', '1', NULL, NULL, NULL, NULL, NULL, NULL),
(8, 'KEGURUAN DAN ILMU PENDIDIKAN', '1', NULL, NULL, NULL, NULL, NULL, NULL),
(9, 'MATEMATIKA DAN ILMU PENGETAHUAN ALAM', '1', NULL, NULL, NULL, NULL, NULL, NULL),
(10, 'ILMU BUDAYA', '1', NULL, NULL, NULL, NULL, NULL, NULL),
(11, 'KEOLAHRAGAAN', '1', NULL, NULL, NULL, NULL, NULL, NULL),
(12, 'VOKASI', '1', NULL, NULL, NULL, NULL, NULL, NULL);

-- --------------------------------------------------------

--
-- Table structure for table `groups`
--

CREATE TABLE `groups` (
  `id` mediumint(8) UNSIGNED NOT NULL,
  `name` varchar(20) NOT NULL,
  `description` varchar(100) NOT NULL
) ENGINE=InnoDB DEFAULT CHARSET=utf8;

--
-- Dumping data for table `groups`
--

INSERT INTO `groups` (`id`, `name`, `description`) VALUES
(1, 'admin', 'Administrator'),
(2, 'members', 'General User');

-- --------------------------------------------------------

--
-- Table structure for table `login_attempts`
--

CREATE TABLE `login_attempts` (
  `id` int(11) UNSIGNED NOT NULL,
  `ip_address` varchar(45) NOT NULL,
  `login` varchar(100) NOT NULL,
  `time` int(11) UNSIGNED DEFAULT NULL
) ENGINE=InnoDB DEFAULT CHARSET=utf8;

-- --------------------------------------------------------

--
-- Table structure for table `mahasiswa`
--

CREATE TABLE `mahasiswa` (
  `id` bigint(20) NOT NULL,
  `nim` varchar(100) DEFAULT NULL,
  `nama` varchar(100) DEFAULT NULL,
  `foto` varchar(100) DEFAULT NULL,
  `foto_thumb` varchar(100) DEFAULT NULL,
  `angkatan` varchar(5) DEFAULT NULL,
  `prodi_id` varchar(100) DEFAULT NULL,
  `fakultas_id` varchar(100) DEFAULT NULL,
  `is_active` enum('0','1') DEFAULT NULL,
  `created_at` datetime DEFAULT NULL,
  `created_by` bigint(20) DEFAULT NULL,
  `updated_at` datetime DEFAULT NULL,
  `updated_by` bigint(20) DEFAULT NULL,
  `deleted_at` datetime DEFAULT NULL,
  `deleted_by` bigint(20) DEFAULT NULL
) ENGINE=InnoDB DEFAULT CHARSET=utf8;

--
-- Dumping data for table `mahasiswa`
--

INSERT INTO `mahasiswa` (`id`, `nim`, `nama`, `foto`, `foto_thumb`, `angkatan`, `prodi_id`, `fakultas_id`, `is_active`, `created_at`, `created_by`, `updated_at`, `updated_by`, `deleted_at`, `deleted_by`) VALUES
(5, 'M3119001', 'Adam Arthur Faizal', '15ba5d5a5c915c8b35be4f04ac26bef7.png', '15ba5d5a5c915c8b35be4f04ac26bef7_thumb.png', '2019', '138', '9', '1', '2021-07-23 15:16:14', 1, NULL, NULL, NULL, NULL),
(6, 'M3119000', 'Mbah Putih', '6c1eeb201aa7a8afa13408e0bfe49d64.jpg', NULL, '2019', '134', '9', '0', '2021-07-23 15:24:36', 1, '2021-07-25 12:37:16', 1, '2021-07-25 12:56:05', NULL),
(7, 'M3119000', 'Mbah Putih', '70122e4a7b8c329f9aaada648dad8d56.jpg', '70122e4a7b8c329f9aaada648dad8d56_thumb.jpg', '2019', '138', '9', '1', '2021-07-25 12:59:11', 1, '2021-07-25 14:00:59', 1, NULL, NULL);

-- --------------------------------------------------------

--
-- Table structure for table `prodi`
--

CREATE TABLE `prodi` (
  `id` bigint(20) NOT NULL,
  `nama` varchar(100) DEFAULT NULL,
  `fakultas_id` varchar(100) DEFAULT NULL,
  `is_active` enum('0','1') DEFAULT NULL,
  `created_at` datetime DEFAULT NULL,
  `created_by` bigint(20) DEFAULT NULL,
  `updated_at` datetime DEFAULT NULL,
  `updated_by` bigint(20) DEFAULT NULL,
  `deleted_at` datetime DEFAULT NULL,
  `deleted_by` bigint(20) DEFAULT NULL
) ENGINE=InnoDB DEFAULT CHARSET=utf8;

--
-- Dumping data for table `prodi`
--

INSERT INTO `prodi` (`id`, `nama`, `fakultas_id`, `is_active`, `created_at`, `created_by`, `updated_at`, `updated_by`, `deleted_at`, `deleted_by`) VALUES
(12, 'S-1 Seni Rupa Murni', '1', NULL, NULL, NULL, NULL, NULL, NULL, NULL),
(13, 'S-1 Desain Komunikasi Visual', '1', NULL, NULL, NULL, NULL, NULL, NULL, NULL),
(14, 'S-1 Desain Interior', '1', NULL, NULL, NULL, NULL, NULL, NULL, NULL),
(15, 'S-1 Kriya Seni', '1', NULL, NULL, NULL, NULL, NULL, NULL, NULL),
(134, 'S-1 Matematika', '9', NULL, NULL, NULL, NULL, NULL, NULL, NULL),
(135, 'S-1 Fisika', '9', NULL, NULL, NULL, NULL, NULL, NULL, NULL),
(136, 'S-1 Kimia', '9', NULL, NULL, NULL, NULL, NULL, NULL, NULL),
(137, 'S-1 Biologi', '9', NULL, NULL, NULL, NULL, NULL, NULL, NULL),
(138, 'S-1 Informatika', '9', NULL, NULL, NULL, NULL, NULL, NULL, NULL),
(141, 'S-1 Farmasi', '9', NULL, NULL, NULL, NULL, NULL, NULL, NULL),
(172, 'S-2 Biosains', '9', NULL, NULL, NULL, NULL, NULL, NULL, NULL),
(173, 'S-2 Ilmu Fisika', '9', NULL, NULL, NULL, NULL, NULL, NULL, NULL),
(178, 'S-2 Seni Rupa', '1', NULL, NULL, NULL, NULL, NULL, NULL, NULL),
(354, 'S-1 Statistika', '9', NULL, NULL, NULL, NULL, NULL, NULL, NULL),
(382, 'S-2 Kimia', '9', NULL, NULL, NULL, NULL, NULL, NULL, NULL),
(476, 'S-1 Ilmu Lingkungan', '9', NULL, NULL, NULL, NULL, NULL, NULL, NULL),
(479, 'S-3 Biologi', '9', NULL, NULL, NULL, NULL, NULL, NULL, NULL),
(480, 'S-3 Fisika', '9', NULL, NULL, NULL, NULL, NULL, NULL, NULL);

-- --------------------------------------------------------

--
-- Table structure for table `users`
--

CREATE TABLE `users` (
  `id` int(11) UNSIGNED NOT NULL,
  `ip_address` varchar(45) NOT NULL,
  `username` varchar(100) DEFAULT NULL,
  `password` varchar(255) NOT NULL,
  `email` varchar(254) NOT NULL,
  `activation_selector` varchar(255) DEFAULT NULL,
  `activation_code` varchar(255) DEFAULT NULL,
  `forgotten_password_selector` varchar(255) DEFAULT NULL,
  `forgotten_password_code` varchar(255) DEFAULT NULL,
  `forgotten_password_time` int(11) UNSIGNED DEFAULT NULL,
  `remember_selector` varchar(255) DEFAULT NULL,
  `remember_code` varchar(255) DEFAULT NULL,
  `created_on` int(11) UNSIGNED NOT NULL,
  `last_login` int(11) UNSIGNED DEFAULT NULL,
  `active` tinyint(1) UNSIGNED DEFAULT NULL,
  `first_name` varchar(50) DEFAULT NULL,
  `last_name` varchar(50) DEFAULT NULL,
  `company` varchar(100) DEFAULT NULL,
  `phone` varchar(20) DEFAULT NULL
) ENGINE=InnoDB DEFAULT CHARSET=utf8;

--
-- Dumping data for table `users`
--

INSERT INTO `users` (`id`, `ip_address`, `username`, `password`, `email`, `activation_selector`, `activation_code`, `forgotten_password_selector`, `forgotten_password_code`, `forgotten_password_time`, `remember_selector`, `remember_code`, `created_on`, `last_login`, `active`, `first_name`, `last_name`, `company`, `phone`) VALUES
(1, '127.0.0.1', 'administrator', '$2y$10$j1F3WRHYq3c9tjNH1phsd.4Je2GO2qbN1Lxu4VPYk2JuZN6Y6j0E6', 'admin@admin.com', NULL, '', NULL, NULL, NULL, NULL, NULL, 1268889823, 1627210291, 1, 'Admin', 'istrator', 'ADMIN', '0'),
(2, '172.31.0.1', 'operator', '$2y$10$JbSTw29EIs5mnXbdDj.E/Oimc/2BxoAEQkVpaGpHlb5XWRVDxWh8K', 'operator@email.com', NULL, NULL, NULL, NULL, NULL, NULL, NULL, 1626873123, NULL, 1, 'operator', 'operator', 'operator', '081234567890');

-- --------------------------------------------------------

--
-- Table structure for table `users_groups`
--

CREATE TABLE `users_groups` (
  `id` int(11) UNSIGNED NOT NULL,
  `user_id` int(11) UNSIGNED NOT NULL,
  `group_id` mediumint(8) UNSIGNED NOT NULL
) ENGINE=InnoDB DEFAULT CHARSET=utf8;

--
-- Dumping data for table `users_groups`
--

INSERT INTO `users_groups` (`id`, `user_id`, `group_id`) VALUES
(1, 1, 1),
(2, 1, 2),
(4, 2, 2);

--
-- Indexes for dumped tables
--

--
-- Indexes for table `ci_sessions`
--
ALTER TABLE `ci_sessions`
  ADD KEY `ci_sessions_timestamp` (`timestamp`);

--
-- Indexes for table `fakultas`
--
ALTER TABLE `fakultas`
  ADD PRIMARY KEY (`id`);

--
-- Indexes for table `groups`
--
ALTER TABLE `groups`
  ADD PRIMARY KEY (`id`);

--
-- Indexes for table `login_attempts`
--
ALTER TABLE `login_attempts`
  ADD PRIMARY KEY (`id`);

--
-- Indexes for table `mahasiswa`
--
ALTER TABLE `mahasiswa`
  ADD PRIMARY KEY (`id`);

--
-- Indexes for table `prodi`
--
ALTER TABLE `prodi`
  ADD PRIMARY KEY (`id`);

--
-- Indexes for table `users`
--
ALTER TABLE `users`
  ADD PRIMARY KEY (`id`),
  ADD UNIQUE KEY `uc_email` (`email`),
  ADD UNIQUE KEY `uc_activation_selector` (`activation_selector`),
  ADD UNIQUE KEY `uc_forgotten_password_selector` (`forgotten_password_selector`),
  ADD UNIQUE KEY `uc_remember_selector` (`remember_selector`);

--
-- Indexes for table `users_groups`
--
ALTER TABLE `users_groups`
  ADD PRIMARY KEY (`id`),
  ADD UNIQUE KEY `uc_users_groups` (`user_id`,`group_id`),
  ADD KEY `fk_users_groups_users1_idx` (`user_id`),
  ADD KEY `fk_users_groups_groups1_idx` (`group_id`);

--
-- AUTO_INCREMENT for dumped tables
--

--
-- AUTO_INCREMENT for table `fakultas`
--
ALTER TABLE `fakultas`
  MODIFY `id` bigint(20) NOT NULL AUTO_INCREMENT, AUTO_INCREMENT=13;

--
-- AUTO_INCREMENT for table `groups`
--
ALTER TABLE `groups`
  MODIFY `id` mediumint(8) UNSIGNED NOT NULL AUTO_INCREMENT, AUTO_INCREMENT=3;

--
-- AUTO_INCREMENT for table `login_attempts`
--
ALTER TABLE `login_attempts`
  MODIFY `id` int(11) UNSIGNED NOT NULL AUTO_INCREMENT;

--
-- AUTO_INCREMENT for table `mahasiswa`
--
ALTER TABLE `mahasiswa`
  MODIFY `id` bigint(20) NOT NULL AUTO_INCREMENT, AUTO_INCREMENT=8;

--
-- AUTO_INCREMENT for table `prodi`
--
ALTER TABLE `prodi`
  MODIFY `id` bigint(20) NOT NULL AUTO_INCREMENT, AUTO_INCREMENT=481;

--
-- AUTO_INCREMENT for table `users`
--
ALTER TABLE `users`
  MODIFY `id` int(11) UNSIGNED NOT NULL AUTO_INCREMENT, AUTO_INCREMENT=3;

--
-- AUTO_INCREMENT for table `users_groups`
--
ALTER TABLE `users_groups`
  MODIFY `id` int(11) UNSIGNED NOT NULL AUTO_INCREMENT, AUTO_INCREMENT=5;

--
-- Constraints for dumped tables
--

--
-- Constraints for table `users_groups`
--
ALTER TABLE `users_groups`
  ADD CONSTRAINT `fk_users_groups_groups1` FOREIGN KEY (`group_id`) REFERENCES `groups` (`id`) ON DELETE CASCADE ON UPDATE NO ACTION,
  ADD CONSTRAINT `fk_users_groups_users1` FOREIGN KEY (`user_id`) REFERENCES `users` (`id`) ON DELETE CASCADE ON UPDATE NO ACTION;
COMMIT;

/*!40101 SET CHARACTER_SET_CLIENT=@OLD_CHARACTER_SET_CLIENT */;
/*!40101 SET CHARACTER_SET_RESULTS=@OLD_CHARACTER_SET_RESULTS */;
/*!40101 SET COLLATION_CONNECTION=@OLD_COLLATION_CONNECTION */;
